{
    "accuracy": 0.9999957855786716,
    "precision": 0.9473684210526315,
    "recall": 1.0,
    "f1": 0.972972972972973,
    "roc_auc": 0.9999999414619297,
    "pr_auc": 0.9992492492492493
}